3885536;Rita4;Apellidos Rita4;1975-04-04;Sin correo;925212121;Sintel2;Calle 1;45001;Fuensalida;Toledo;Sin observaciones;true
3995630;Rita5;Apellidos Rita5;1975-04-05;Sin correo;925222322;Sintel3;Calle 2;45008;Toledo;Toledo;Sin observaciones;true
4105724;Rita6;Apellidos Rita6;1975-04-06;Sin correo;925232523;Sintel4;Calle 3;45015;Cobisa;Toledo;Sin observaciones;true
4215818;Rita7;Apellidos Rita7;1975-04-07;Sin correo;925242724;Sintel5;Calle 4;45022;Nambroca;Toledo;Sin observaciones;true
4325912;Rita8;Apellidos Rita8;1975-04-08;Sin correo;925252925;Sintel6;Calle 5;45029;Burguillos;Toledo;Sin observaciones;true
4436006;Rita9;Apellidos Rita9;1975-04-09;Sin correo;925263126;Sintel7;Calle 6;45036;Fuensalida;Toledo;Sin observaciones;true
4546100;Rita10;Apellidos Rita10;1975-04-10;Sin correo;925273327;Sintel8;Calle 7;45043;Toledo;Toledo;Sin observaciones;true
4656194;Rita11;Apellidos Rita11;1975-04-11;Sin correo;925283528;Sintel9;Calle 8;45050;Cobisa;Toledo;Sin observaciones;true
4766288;Rita12;Apellidos Rita12;1975-04-12;Sin correo;925293729;Sintel10;Calle 9;45057;Nambroca;Toledo;Sin observaciones;true
4876382;Rita13;Apellidos Rita13;1975-04-13;Sin correo;925303930;Sintel11;Calle 10;45064;Burguillos;Toledo;Sin observaciones;true
4986476;Rita14;Apellidos Rita14;1975-04-14;Sin correo;925314131;Sintel12;Calle 11;45071;Fuensalida;Toledo;Sin observaciones;true
5096570;Rita15;Apellidos Rita15;1975-04-15;Sin correo;925324332;Sintel13;Calle 12;45078;Toledo;Toledo;Sin observaciones;true
5206664;Rita16;Apellidos Rita16;1975-04-16;Sin correo;925334533;Sintel14;Calle 13;45085;Cobisa;Toledo;Sin observaciones;true
5316758;Rita17;Apellidos Rita17;1975-04-17;Sin correo;925344734;Sintel15;Calle 14;45092;Nambroca;Toledo;Sin observaciones;true
5426852;Rita18;Apellidos Rita18;1975-04-18;Sin correo;925354935;Sintel16;Calle 15;45099;Burguillos;Toledo;Sin observaciones;true
5536946;Rita19;Apellidos Rita19;1975-04-19;Sin correo;925365136;Sintel17;Calle 16;45106;Fuensalida;Toledo;Sin observaciones;true
5647040;Rita20;Apellidos Rita20;1975-04-20;Sin correo;925375337;Sintel18;Calle 17;45113;Toledo;Toledo;Sin observaciones;true
5757134;Rita21;Apellidos Rita21;1975-04-21;Sin correo;925385538;Sintel19;Calle 18;45120;Cobisa;Toledo;Sin observaciones;true
5867228;Rita22;Apellidos Rita22;1975-04-22;Sin correo;925395739;Sintel20;Calle 19;45127;Nambroca;Toledo;Sin observaciones;true
5977322;Rita23;Apellidos Rita23;1975-04-23;Sin correo;925405940;Sintel21;Calle 20;45134;Burguillos;Toledo;Sin observaciones;true
6087416;Rita24;Apellidos Rita24;1975-04-24;Sin correo;925416141;Sintel22;Calle 21;45141;Fuensalida;Toledo;Sin observaciones;true
6197510;Rita25;Apellidos Rita25;1975-04-25;Sin correo;925426342;Sintel23;Calle 22;45148;Toledo;Toledo;Sin observaciones;true
6307604;Rita26;Apellidos Rita26;1975-04-26;Sin correo;925436543;Sintel24;Calle 23;45155;Cobisa;Toledo;Sin observaciones;true
6417698;Rita27;Apellidos Rita27;1975-04-27;Sin correo;925446744;Sintel25;Calle 24;45162;Nambroca;Toledo;Sin observaciones;true
6527792;Rita28;Apellidos Rita28;1975-04-28;Sin correo;925456945;Sintel26;Calle 25;45169;Burguillos;Toledo;Sin observaciones;true
6637886;Rita29;Apellidos Rita29;1975-04-29;Sin correo;925467146;Sintel27;Calle 26;45176;Fuensalida;Toledo;Sin observaciones;true
6747980;Rita30;Apellidos Rita30;1975-04-30;Sin correo;925477347;Sintel28;Calle 27;45183;Toledo;Toledo;Sin observaciones;true
6858074;Rita31;Apellidos Rita31;1975-05-01;Sin correo;925487548;Sintel29;Calle 28;45190;Cobisa;Toledo;Sin observaciones;true
6968168;Rita32;Apellidos Rita32;1975-05-02;Sin correo;925497749;Sintel30;Calle 29;45197;Nambroca;Toledo;Sin observaciones;true
7078262;Rita33;Apellidos Rita33;1975-05-03;Sin correo;925507950;Sintel31;Calle 30;45204;Burguillos;Toledo;Sin observaciones;true
7188356;Rita34;Apellidos Rita34;1975-05-04;Sin correo;925518151;Sintel32;Calle 31;45211;Fuensalida;Toledo;Sin observaciones;true
7298450;Rita35;Apellidos Rita35;1975-05-05;Sin correo;925528352;Sintel33;Calle 32;45218;Toledo;Toledo;Sin observaciones;true
7408544;Rita36;Apellidos Rita36;1975-05-06;Sin correo;925538553;Sintel34;Calle 33;45225;Cobisa;Toledo;Sin observaciones;true
7518638;Rita37;Apellidos Rita37;1975-05-07;Sin correo;925548754;Sintel35;Calle 34;45232;Nambroca;Toledo;Sin observaciones;true
7628732;Rita38;Apellidos Rita38;1975-05-08;Sin correo;925558955;Sintel36;Calle 35;45239;Burguillos;Toledo;Sin observaciones;true
7738826;Rita39;Apellidos Rita39;1975-05-09;Sin correo;925569156;Sintel37;Calle 36;45246;Fuensalida;Toledo;Sin observaciones;true
7848920;Rita40;Apellidos Rita40;1975-05-10;Sin correo;925579357;Sintel38;Calle 37;45253;Toledo;Toledo;Sin observaciones;true
7959014;Rita41;Apellidos Rita41;1975-05-11;Sin correo;925589558;Sintel39;Calle 38;45260;Cobisa;Toledo;Sin observaciones;true
8069108;Rita42;Apellidos Rita42;1975-05-12;Sin correo;925599759;Sintel40;Calle 39;45267;Nambroca;Toledo;Sin observaciones;true
8179202;Rita43;Apellidos Rita43;1975-05-13;Sin correo;925609960;Sintel41;Calle 40;45274;Burguillos;Toledo;Sin observaciones;true
8289296;Rita44;Apellidos Rita44;1975-05-14;Sin correo;925620161;Sintel42;Calle 41;45281;Fuensalida;Toledo;Sin observaciones;true
8399390;Rita45;Apellidos Rita45;1975-05-15;Sin correo;925630362;Sintel43;Calle 42;45288;Toledo;Toledo;Sin observaciones;true
8509484;Rita46;Apellidos Rita46;1975-05-16;Sin correo;925640563;Sintel44;Calle 43;45295;Cobisa;Toledo;Sin observaciones;true
8619578;Rita47;Apellidos Rita47;1975-05-17;Sin correo;925650764;Sintel45;Calle 44;45302;Nambroca;Toledo;Sin observaciones;true
8729672;Rita48;Apellidos Rita48;1975-05-18;Sin correo;925660965;Sintel46;Calle 45;45309;Burguillos;Toledo;Sin observaciones;true
8839766;Rita49;Apellidos Rita49;1975-05-19;Sin correo;925671166;Sintel47;Calle 46;45316;Fuensalida;Toledo;Sin observaciones;true
8949860;Rita50;Apellidos Rita50;1975-05-20;Sin correo;925681367;Sintel48;Calle 47;45323;Toledo;Toledo;Sin observaciones;true
9059954;Rita51;Apellidos Rita51;1975-05-21;Sin correo;925691568;Sintel49;Calle 48;45330;Cobisa;Toledo;Sin observaciones;true
9170048;Rita52;Apellidos Rita52;1975-05-22;Sin correo;925701769;Sintel50;Calle 49;45337;Nambroca;Toledo;Sin observaciones;true
9280142;Rita53;Apellidos Rita53;1975-05-23;Sin correo;925711970;Sintel51;Calle 50;45344;Burguillos;Toledo;Sin observaciones;true
9390236;Rita54;Apellidos Rita54;1975-05-24;Sin correo;925722171;Sintel52;Calle 51;45351;Fuensalida;Toledo;Sin observaciones;true
9500330;Rita55;Apellidos Rita55;1975-05-25;Sin correo;925732372;Sintel53;Calle 52;45358;Toledo;Toledo;Sin observaciones;true
9610424;Rita56;Apellidos Rita56;1975-05-26;Sin correo;925742573;Sintel54;Calle 53;45365;Cobisa;Toledo;Sin observaciones;true
